id,ud_test_head,ud_test_deprel,ud_test_deps_id,ud_test_deps_deprel,ud_pred_head,ud_pred_deprel,ud_pred_deps_id,ud_pred_deps_deprel,str_test_head,str_test_deprel,str_test_deps_id,str_test_deps_deprel,str_pred_head,str_pred_deprel,str_pred_deps_id,str_pred_deps_deprel,text,sent_id
30,24,conj,"[27, 28, 29]","['iobj', 'advmod', 'nummod']",24,conj,"[26, 27, 29]","['punct', 'iobj', 'nummod:gov']",24,сент-соч,"[27, 28, 29]","['дат-субъект', 'огранич', 'количест']",24,сочин,"[26, 27, 29]","['punct', 'дат-субъект', 'количест']","Моя любовь к буйным пляскам вынудила мать согласиться на мое участие в Петроградском райкомовском концерте по поводу годовщины советской власти (то есть ноябрь 1942-го, мне еще четыре).",341_2015Blokadnoe_detstvo
21,15,conj,"[20, 23]","['advmod', 'obl']",15,conj,"[20, 23]","['advmod', 'obl']",15,сочин,"[20, 22]","['обст', '3-компл']",15,сочин,"[20, 22, 28]","['обст', '2-компл', 'сент-соч']","Потом я его вместе с другими бумагами, которые неизвестно почему жалко выбросить, переложил в другой ящик, потом в папку с тесемками, потом прошло лет тридцать, и, вместо того чтобы эту папку не трогать, я решил все же просмотреть, что там лежит, перед тем как выбросить, вместо того чтобы выбросить сразу.",72_2020_Corpus2_0Iz_zhizni_odnogo_ezha
14,25,csubj,[16],['obl'],13,punct,[],[],25,предик,[15],['1-компл'],13,punct,[],[],"""Так почему же общаться с Лимоновым и Шениным - стыдно, а с Путиным, Грефом, Кудриным, Медведевым - нет?"", - спрашивает Шендерович.",17_2009Novaya_russkaya_ruletka
25,16,cc,"[13, 14, 24]","['cc', 'csubj', 'discourse']",24,punct,[],[],13,соч-союзн,"[14, 24]","['предик', 'огранич']",24,punct,[],[],"""Так почему же общаться с Лимоновым и Шениным - стыдно, а с Путиным, Грефом, Кудриным, Медведевым - нет?"", - спрашивает Шендерович.",17_2009Novaya_russkaya_ruletka
15,3,conj,"[14, 17, 21, 24]","['cc', 'obl', 'obl', 'obl']",3,conj,"[14, 17, 24]","['cc', 'obl', 'obl']",14,соч-союзн,"[16, 18, 23]","['1-компл', '2-компл', 'обст']",14,соч-союзн,"[16, 23]","['1-компл', 'обст']",Количество погибших варьировалось от одной до трёх сотен - по версии польской стороны и от одной до пяти тысяч погибших - по версии книги изданной в немецком правоэкстремистском издательстве DSZ.,34_2019Vtoraya_mirovaya_voina
16,10,conj,"[15, 18]","['advmod', 'obl']",10,conj,"[15, 18]","['advmod', 'obl']",10,сочин,"[15, 17]","['обст', 'обст']",10,сочин,"[15, 17]","['обст', '2-компл']","- Раньше я жил в мире победителей: по-своему преуспевал в морском флоте, потом в философии.",54_2010Kovcheg_Zhana_Vanie
15,7,conj,"[14, 17]","['nsubj', 'obl']",14,punct,[],[],7,сент-соч,"[14, 16]","['предик', '1-компл']",14,punct,[],[],"И все видят пофамильно, кто находится над чертой со своими баллами, кто под чертой.",87_2003Bolshie_peremeny
18,8,conj,"[17, 19]","['nsubj', 'xcomp']",19,aux,[],[],8,сент-соч,"[17, 19, 23]","['предик', '1-компл', 'сент-соч']",17,punct,[],[],"В одно и то же время кто-то может изучать химию, математику или другой предмет, кто-то играть в шахматы, а кто-то - заниматься обустройством общей жизни.",93_2013Plody_alternativnogo_prosveshcheniya
26,8,conj,"[23, 24, 27]","['cc', 'nsubj', 'xcomp']",27,cc,[],[],23,соч-союзн,"[24, 27]","['предик', '1-компл']",27,punct,[],[],"В одно и то же время кто-то может изучать химию, математику или другой предмет, кто-то играть в шахматы, а кто-то - заниматься обустройством общей жизни.",93_2013Plody_alternativnogo_prosveshcheniya
13,12,csubj,[15],['obl'],12,csubj,[15],['obl'],12,предик,[14],['3-компл'],12,предик,[14],['2-компл'],"Из толпы кто-то выкрикнул, что если иностранец, тем более надо в БЕЗО, но другими призыв поддержан не был, и толпа вокруг меня при слове ""иностранец"" стала рассасываться.",180_2020_RFFIMoskva_2042
20,14,advcl,"[18, 19, 23]","['mark', 'advmod', 'nsubj']",19,punct,[],[],18,сравн-союзн,"[19, 23]","['обст', 'предик']",19,punct,[],[],"Тогда Монахов ее не заметил - сейчас разглядывал ее тогда: точно так погиб ее Нуриманов, как сейчас вот этот солдат…",251_uppsalaBitov_3
13,10,parataxis,"[12, 16]","['obj', 'obl']",12,punct,[],[],10,разъяснит,"[12, 14, 18]","['1-компл', 'обст', 'сент-соч']",12,punct,[],[],"Полное впечатление, что мы опять пригласили на царство варягов - одного в качестве президента, а другого в качестве председателя Союза журналистов.",5_2008Chem_kumushek_schitat
20,12,conj,"[18, 19, 23]","['cc', 'obj', 'obl']",19,punct,[],[],18,соч-союзн,"[19, 21]","['1-компл', 'обст']",19,punct,[],[],"Полное впечатление, что мы опять пригласили на царство варягов - одного в качестве президента, а другого в качестве председателя Союза журналистов.",5_2008Chem_kumushek_schitat
4,1,conj,"[2, 3]","['cc', 'advmod']",1,conj,"[2, 3]","['cc', 'discourse']",2,соч-союзн,[3],['огранич'],2,соч-союзн,[3],['огранич'],"Осознанно или нет, но науку примерно с начала 1970-х ""нагло представляют как индустрию, источник выгоды и экспортной выручки, как область конкуренции, когда страны, университеты и школы оцениваются по результативности"".",68_2019Reforma_RAN
4,7,advcl,"[1, 2, 3]","['mark', 'advmod', 'discourse']",3,punct,[],[],1,подч-союзн,[3],['огранич'],3,punct,[],[],"Если же нетто все пойдет по известному сценарию с мучительным выбором между операцией ""Преемник"" и соответствующим изменением конституции.",260_2006Misha
18,14,acl:relcl,"[17, 21]","['advmod', 'nsubj']",14,acl:relcl,"[17, 21]","['advmod', 'nsubj']",14,релят,"[17, 21]","['присвяз', 'предик']",14,релят,"[17, 21]","['обст', 'предик']","Профессионалы, спивавшиеся от бессилия противостоять агитпропу или собственной человеческой слабости, остались там же, где и классические диссиденты.",17_2003Vremya_torgovli
8,5,parataxis,"[7, 10]","['nsubj', 'advmod']",7,punct,[],[],5,примыкат,"[7, 10, 13]","['предик', 'обст', 'сент-соч']",7,punct,[],[],"И Лавров с Ивановым доказывали (Лавров более энергично, Иванов менее ), что именно сейчас торжествует прозорливо намеченная в 2001 году и недавно обновленная внешнеполитическая доктрина России.",19_2007Porazhenie
13,7,conj,"[12, 15]","['nsubj', 'advmod']",14,punct,[],[],8,сент-соч,"[12, 15]","['предик', 'обст']",14,punct,[],[],"И Лавров с Ивановым доказывали (Лавров более энергично, Иванов менее ), что именно сейчас торжествует прозорливо намеченная в 2001 году и недавно обновленная внешнеполитическая доктрина России.",19_2007Porazhenie
15,13,advmod,[14],['advmod'],14,punct,[],[],13,обст,[14],['огранич'],14,punct,[],[],"И Лавров с Ивановым доказывали (Лавров более энергично, Иванов менее ), что именно сейчас торжествует прозорливо намеченная в 2001 году и недавно обновленная внешнеполитическая доктрина России.",19_2007Porazhenie
7,1,orphan,[11],['obl'],8,advmod,[],[],0,root,"[1, 8]","['предик', '1-компл']",8,punct,[],[],Публикации в научных журналах для ВАК тысячу и более долларов.,54_2009Reforma_obrazovaniya
15,5,conj,"[14, 19]","['cc', 'obl']",5,conj,"[14, 19]","['cc', 'obl']",14,соч-союзн,[16],['обст'],14,соч-союзн,[16],['обст'],"Гитлера это категорически не устраивало, и переговоры закончились 14 ноября ничем, и в ""холодной атмосфере"".",232_2019Vtoraya_mirovaya_voina
19,7,conj,"[18, 20]","['obl', 'advmod']",18,punct,[],[],7,сент-соч,"[17, 20, 23]","['2-компл', 'обст', 'сент-соч']",18,punct,[],[],"""Талантливый нос!"" - говорил про него отец, невысокий, обожаемый человек; об отце отдельно, сейчас о запахах.",465_uppsalaGrekova_1
23,7,conj,"[22, 25]","['advmod', 'obl']",22,punct,[],[],19,сент-соч,"[22, 24]","['обст', '2-компл']",22,punct,[],[],"""Талантливый нос!"" - говорил про него отец, невысокий, обожаемый человек; об отце отдельно, сейчас о запахах.",465_uppsalaGrekova_1
9,5,parataxis,"[7, 8]","['obj', 'aux']",8,obl,[],[],8,аналит,[7],['1-компл'],8,предик,[],[],"Там я фантазировал на тему ""что будет и чего не будет делать Медведев"" в рамках перехода к сценарию ""Диктатура развития"".",98_2009Tranzit_18
19,11,conj,"[17, 21]","['nsubj', 'obl']",11,conj,"[17, 21]","['nsubj', 'obl']",11,сент-соч,"[17, 21]","['предик', '1-компл']",21,punct,[],[],"Официальные данные ГУ МВД по Москве таковы: Болотная площадь собрала 36 тысяч участников, Поклонная гора - 138 тысяч, то есть почти вчетверо больше.",6_2012Itogi_subboty
19,15,conj,"[18, 20]","['nsubj', 'advmod']",15,conj,"[18, 20]","['nsubj', 'advmod']",15,сент-соч,"[18, 20, 22]","['предик', 'обст', 'сент-соч']",15,сент-соч,"[18, 20, 22]","['предик', 'обст', 'сент-соч']","В археологии, например, есть целые разряды материальных остатков, одни из которых сохраняются лучше, другие хуже, а третьи вообще исчезают.",19_2019Zanimatelnaya_estetika
10,2,conj,"[8, 14]","['advmod', 'nsubj']",2,conj,"[8, 14]","['advmod', 'nsubj']",2,сент-соч,"[8, 14]","['обст', 'предик']",2,сент-соч,"[8, 14]","['обст', 'предик']","Когда-то были мужские и женские гимназии, позже - мужские и женские школы.",9_uppsalaKorp_602
24,21,conj,"[22, 23]","['cc', 'advmod']",21,conj,"[22, 23]","['cc', 'advmod']",22,соч-союзн,[23],['огранич'],22,соч-союзн,[23],['огранич'],"Разумеется, эпоха была виновата в том, что у нас сложилось ясное сознание: вознесенные к официальной славе - все или почти - получили ее кривыми путями и не по заслугам.",8_2018Rech_Zaliznyaka
16,7,conj,"[12, 14, 17]","['cc', 'obl', 'nsubj']",7,conj,"[12, 14, 17]","['cc', 'obl', 'nsubj']",12,соч-союзн,"[13, 17]","['обст', 'предик']",12,соч-союзн,"[13, 17]","['вводн', 'предик']","Туда, где с одной стороны звучат упреки в графомании, а с другой - хвала утонченности души.",223_2020_Corpus2_0Poslannik_iz_proshlogo
13,23,obl,"[9, 10, 11]","['cc', 'case', 'compound']",11,nmod,[],[],10,предл,[11],['композ'],10,предл,[],[],"Хотя, скажем, в Индии любая девочка и в пяти - и в двенадцатилетнем возрасте на вопрос о своем будущем дает, как правило, единственный ответ - ""буду женой"".",7_uppsalaKorp_602
13,7,conj,"[10, 11, 12, 14]","['cc', 'advmod', 'nsubj', 'obl']",7,conj,"[12, 14]","['nsubj', 'obj']",10,соч-союзн,"[11, 12, 14]","['огранич', 'предик', '1-компл']",10,соч-союзн,"[12, 14]","['предик', '1-компл']","Вообще-то не только англичане боялись нас, но и мы англичан.",78_2009Final_Ligi_Chempionov
18,6,parataxis,"[13, 17, 20]","['advcl', 'mark', 'nsubj']",8,parataxis,"[9, 13, 17, 20]","['punct', 'advcl', 'mark', 'nsubj']",6,разъяснит,"[10, 20]","['обст', 'предик']",8,разъяснит,"[10, 20]","['обст', 'предик']","И, как всегда, ясно лишь одно: если кто-то и осилит эту дорогу, то только идущий.",192_2012Fobos-grunt_gibel_mechty
27,3,conj,"[25, 26, 30]","['cc', 'det', 'csubj']",3,conj,"[24, 25, 26, 30]","['punct', 'cc', 'nsubj', 'advcl']",25,соч-союзн,"[26, 29]","['опред', 'предик']",25,соч-союзн,"[26, 29]","['опред', 'предик']","Но одно дело, когда из Москвы перемещаешься в Нью-Йорк (хотя и в этом случае вписаться в новую культуру довольно сложно), а другое - когда делаешь выбор в пользу маленького городка на ""Диком Западе"" с населением 14 тысяч человек.",53_2018V_strane_mormonov
24,23,xcomp,[26],['obl'],23,xcomp,[26],['obl'],23,1-компл,[25],['3-компл'],23,1-компл,[25],['1-компл'],"Стоит мне взяться за что-нибудь серьезное, как я вижу лицо читателя с выражением добродетельного терпения, ждущего, когда я наконец начну про смешное.",227_2018Nachalo
5,2,ccomp,"[4, 7, 12]","['nsubj', 'iobj', 'parataxis']",4,nmod,[],[],2,1-компл,"[4, 7, 12]","['предик', '2-компл', '1-компл']",4,punct,[],[],"Вдруг слышу, командир второму пилоту: ""Куда она делась?",528_2020_Corpus2_0Kakie_nashi_gody_1
16,3,conj,"[12, 13, 14, 17]","['cc', 'nsubj', 'iobj', 'obj']",3,conj,"[12, 13, 14, 17]","['cc', 'nsubj', 'iobj', 'obl']",12,соч-союзн,"[13, 14, 17]","['предик', '2-компл', '1-компл']",12,соч-союзн,"[13, 14, 17]","['предик', '2-компл', '1-компл']","Я ему дал ""Приключения Шерлока Холмса"" Конан Дойля, а он мне - один из разрозненных томов Гегеля, ""Лекции по эстетике"".",124_2018Nachalo
23,17,conj,"[21, 24]","['nsubj', 'obj']",24,punct,[],[],17,сент-соч,"[21, 24, 28]","['предик', '1-компл', 'сент-соч']",24,punct,[],[],"Машина создана для резания бумаги в типографии, но встречается в самых неожиданных местах: химики режут ею пластмассу, мебельщики - шпон, галантерейщики - толстый картон для чемоданов.",20_uppsalaKorp_611
28,17,conj,"[26, 30]","['nsubj', 'obj']",30,punct,[],[],23,сент-соч,"[26, 30]","['предик', '1-компл']",26,punct,[],[],"Машина создана для резания бумаги в типографии, но встречается в самых неожиданных местах: химики режут ею пластмассу, мебельщики - шпон, галантерейщики - толстый картон для чемоданов.",20_uppsalaKorp_611
13,1,conj,"[11, 12, 22]","['cc', 'nsubj', 'parataxis']",9,conj,"[10, 11, 12, 22]","['punct', 'cc', 'nsubj', 'parataxis']",11,соч-союзн,"[12, 22]","['предик', '1-компл']",11,соч-союзн,"[10, 12, 22]","['punct', 'предик', 'разъяснит']","Думаю: Господи, хоть бы бабушку не задавило, а она :""Я, милая моя, хорошо живу, избушка хоть и худенька, да своя.",203_2012Poslednie_russkie
29,22,obl,[27],['compound'],32,amod,[27],['compound'],26,квазиагент,"[27, 30]","['композ', 'сочин']",32,опред,"[27, 30]","['композ', 'сочин']","Руководитель проекта HEND доктор физико-математических наук Игорь Митрофанов рассказал ""Итогам"" о тех сенсационных результатах, которые недавно удалось получить исследователям с помощью гамма - и нейтронной спектроскопии Марса:",38_2003Taina_zakovannaya_v_led
13,4,conj,"[11, 12, 15]","['cc', 'advmod', 'advmod']",15,punct,[],[],11,соч-союзн,"[12, 15]","['обст', 'обст']",15,огранич,[],[],"Первое, что поражает на Бали уже в аэропорту, а дальше все больше и больше, - рукотворная красота.",597_2020_RFFIIndoneziya_ot_ada_do_raya
15,10,conj,"[14, 17]","['cc', 'obl']",11,conj,"[14, 17]","['cc', 'obl']",14,соч-союзн,[16],['2-компл'],14,соч-союзн,[16],['2-компл'],"- Раньше, когда подростком был, я часто ходил охотиться на уток и на рыбалку.",334_2020_Corpus2_0Gastronomicheskie_khroniki
18,15,advcl,"[17, 21]","['mark', 'obl']",15,advcl,"[17, 21]","['mark', 'obl']",17,сравн-союзн,[20],['3-компл'],17,сравн-союзн,[20],['3-компл'],"Об этом самом освобождении женщин из многолетнего рабства у своих же соотечественников, много писали, как и о том, что теперь движение этой истории упирается в противодействие повязанной с преступниками полиции и всей судебной системы, готовой в лучшем случае замять дело.",8_2016Migranty_ekspaty_kosmopolity
8,12,advcl,"[6, 7, 10]","['mark', 'nsubj', 'obl']",12,advcl,"[5, 6, 7, 10]","['punct', 'mark', 'nsubj', 'obl']",6,сравн-союзн,"[7, 9]","['предик', '1-компл']",6,сравн-союзн,"[7, 9]","['предик', '1-компл']","Когда из-под развевающейся ткани, будто беженцы из укрытия, высыпают персонажи с колясками, перевязанными веревкой чемоданами и ""сбиваются"" в такую знакомую, щемящую мизансцену, понимаешь, что у изгнаний было начало, но нет конца.",53_2003Bessonnitsa
29,30,advmod,"[26, 27]","['cc', 'nsubj']",32,punct,[],[],30,огранич,[],[],32,punct,[],[],"Подкорректировать - да, со временем вполне вероятно, что и происходит, приводя к жутким последствиям, где мальчики не ощущают себя мальчиками, а девочки - девочками.",71_2019Sekta_radikalnogo_feminizma
30,22,conj,"[29, 31, 32]","['advmod', 'obj', 'xcomp']",32,punct,[31],['punct'],26,соч-союзн,"[27, 29, 31, 32]","['предик', 'огранич', '1-компл', '2-компл']",32,punct,[],[],"Подкорректировать - да, со временем вполне вероятно, что и происходит, приводя к жутким последствиям, где мальчики не ощущают себя мальчиками, а девочки - девочками.",71_2019Sekta_radikalnogo_feminizma
31,30,obj,[],[],30,punct,[],[],30,1-компл,[],[],32,punct,[],[],"Подкорректировать - да, со временем вполне вероятно, что и происходит, приводя к жутким последствиям, где мальчики не ощущают себя мальчиками, а девочки - девочками.",71_2019Sekta_radikalnogo_feminizma
11,5,conj,"[9, 10, 14]","['cc', 'advmod', 'obl']",5,conj,"[9, 10, 14]","['cc', 'advmod', 'obl']",9,соч-союзн,"[10, 12]","['обст', '2-компл']",9,соч-союзн,"[10, 12]","['обст', '2-компл']",Но я как штык являлась на английскую литературу и потом на нашу пятницу.,157_2020_Corpus2_0Peredacha
35,27,conj,"[36, 38]","['obj', 'iobj']",36,advmod,[],[],31,сочин,"[36, 38, 40]","['1-компл', '2-компл', 'сочин']",36,огранич,[],[],"В 1917 году трудящиеся пошли за партией Ленина, поскольку из всех многочисленных политических партий страны только большевики готовы были сражаться за выстраданные народом требования: прекратить империалистическую войну, передать власть Советам, землю - крестьянам, фабрики и заводы - рабочим, предоставить каждой нации право на самоопределение.",7_uppsalaKorp_725
40,27,conj,"[41, 45]","['obj', 'iobj']",41,advmod,[],[],35,сочин,"[41, 45]","['1-компл', '2-компл']",41,огранич,[],[],"В 1917 году трудящиеся пошли за партией Ленина, поскольку из всех многочисленных политических партий страны только большевики готовы были сражаться за выстраданные народом требования: прекратить империалистическую войну, передать власть Советам, землю - крестьянам, фабрики и заводы - рабочим, предоставить каждой нации право на самоопределение.",7_uppsalaKorp_725
21,11,conj,"[20, 24, 30]","['cc', 'obl', 'advcl']",11,conj,"[20, 24, 30]","['cc', 'obl', 'advcl']",20,соч-союзн,"[22, 29]","['1-компл', 'обст']",20,соч-союзн,"[22, 29]","['1-компл', 'обст']","Таким образом, по оценке Валерия Петрова, держатели долларов недосчитались более 8 процентов, если хранили наличные, и от 1,5 процента до 4,5 процента, если имели вклады в ""зеленых"".",48_2003I_evro_takoi_molodoi
14,4,conj,"[10, 12, 18, 21]","['cc', 'obj', 'obl', 'obl']",4,conj,"[10, 12]","['cc', 'nsubj']",10,соч-союзн,"[12, 18, 20, 34]","['1-компл', '2-компл', 'обст', 'сент-соч']",10,соч-союзн,"[12, 18]","['предик', 'присвяз']","Поиск сущности я считаю занятием суетным и невозможным, а затраченные усилия - в равной мере тщетными как в случае с удалёнными небесными субстанциями, так и с ближайшими и элементарными; и мне кажется, что одинаково неведомы как субстанция Луны, так и Земли, как пятен на Солнце, так и обыкновенных облаков…",254_2012Galileo_Galilei
10,4,parataxis,"[7, 9, 11]","['advmod', 'advmod', 'advmod']",11,punct,[],[],4,1-компл,"[7, 9, 11]","['вводн', 'обст', '1-компл']",11,punct,[],[],"Коржавин злился, отвечал: ""Нет, так лучше"" - и шел дальше.",264_2020_Corpus2_0Kakie_nashi_gody_1
23,24,cop,[],[],22,punct,[],[],21,соч-союзн,"[22, 24]","['предик', 'присвяз']",24,punct,[],[],"- Слушай, Га-Ноцри, - заговорил прокуратор, глядя на Иешуа как-то странно: лицо прокуратора было грозно, но глаза тревожны, - ты когда-либо говорил что-нибудь о великом кесаре?",246_2018Pontii_Pilat
13,3,conj,"[10, 14]","['nsubj', 'obl']",3,conj,"[10, 14]","['nsubj', 'obl']",3,сент-соч,"[10, 14]","['предик', '1-компл']",3,сент-соч,"[10, 14]","['предик', '2-компл']","Одаренные жизнью называются телами орудными, или органическими, прочие же - телами безорудными, или неорганическими"".",110_2011Petrushka
32,12,conj,"[28, 31, 35]","['cc', 'obl', 'nsubj']",12,conj,"[28, 31, 35]","['cc', 'obl', 'nsubj']",28,соч-союзн,"[29, 35]","['обст', 'предик']",28,соч-союзн,"[29, 35]","['обст', 'предик']","В составе СССР, в конце 30-х годов прошлого века Армения стала страной сплошной грамотности, а в 1940 году было введено обязательное всеобщее семилетнее обучение, а спустя 19 лет всеобщее восьмилетнее обучение.",13_2003Armeniya
8,12,cc,"[7, 9, 15, 18]","['cc', 'obj', 'obl', 'obl']",6,conj,"[7, 9, 10, 15]","['cc', 'punct', 'obl', 'obl']",7,соч-союзн,"[9, 13, 16]","['1-компл', '2-компл', 'обст']",7,соч-союзн,[9],['punct'],Вместо него я получил золотую медаль и зонтиком по шее от его мамаши на выпускном вечере.,103_2018Nachalo
9,8,obj,"[10, 12]","['nmod', 'nmod']",8,punct,[],[],8,1-компл,"[10, 11]","['3-компл', '1-компл']",8,punct,[],[],Вместо него я получил золотую медаль и зонтиком по шее от его мамаши на выпускном вечере.,103_2018Nachalo
10,7,parataxis,"[9, 12]","['cc', 'advmod']",12,punct,[],[],9,соч-союзн,[12],['обст'],12,punct,[],[],"Из-за того, что этот рассказ забыт (и совершенно справедливо), я перескажу его содержание.",92_2020_Corpus2_0Poslannik_iz_proshlogo
16,12,parataxis,"[14, 18]","['nsubj', 'obl']",18,advmod,[],[],12,разъяснит,"[14, 18, 20]","['предик', 'агент', 'сент-соч']",18,огранич,[],[],"Средства и способы создаются талантливыми учеными и высокопрофессиональными практиками, а реализуются: средства - военной промышленностью, а способы - военной наукой, военным образованием и боевым опытом.",43_2005Voennaya_doktrina
23,14,conj,"[20, 21, 25]","['cc', 'nsubj', 'obl']",25,cc,[],[],20,соч-союзн,"[21, 25]","['предик', 'агент']",20,соч-союзн,"[21, 25]","['предик', '1-компл']","Средства и способы создаются талантливыми учеными и высокопрофессиональными практиками, а реализуются: средства - военной промышленностью, а способы - военной наукой, военным образованием и боевым опытом.",43_2005Voennaya_doktrina
4,2,orphan,[6],['obl'],6,punct,[],[],0,root,"[2, 5]","['1-компл', '4-компл']",6,punct,[],[],- Взвода управления ко мне!,124_2003Baklanov
24,14,conj,"[19, 22, 25]","['cc', 'obl', 'nsubj']",10,conj,"[19, 22, 25]","['cc', 'obl', 'nsubj']",19,соч-союзн,"[20, 25]","['обст', 'предик']",19,соч-союзн,"[20, 25]","['обст', 'предик']","Не прошло и нескольких лет, как в нее уверовали далекие от науки сенаторы США, журналисты, а с их подачи - общественность и, что совсем удивительно, сам автор, который продолжал отстаивать ее даже тогда, когда ему доходчиво объяснили, что идея нереализуема в принципе.",113_2011Nano
21,10,conj,"[18, 23]","['obl', 'nsubj']",10,conj,"[18, 23]","['obl', 'nsubj']",10,сочин,"[16, 23]","['1-компл', 'предик']",10,сент-соч,"[16, 23]","['обст', 'предик']","Мы призываем к тому, чтобы в каждом институте было как можно больше аспирантов, у каждого доктора наук - не менее двух.",247_2006Dobretsov
15,12,parataxis,"[14, 17]","['nsubj', 'advmod']",14,flat:foreign,[],[],12,примыкат,"[14, 17]","['предик', 'обст']",14,punct,[],[],"Они все, разумеется, не случайны и имеют разную частоту встречаемости (the заметно чаще, чем, скажем, thh).",45_2010V_perevode_s_nebesnogo
3,0,root,"[1, 5, 7]","['nsubj', 'obl', 'advcl']",1,orphan,"[5, 7]","['obl', 'advcl']",0,root,"[1, 4, 7]","['предик', '1-компл', 'обст']",0,root,"[1, 4, 7]","['предик', '2-компл', 'обст']","Остальные - в кузов, свесив ноги за борт.",134_2020_Corpus2_0Gastronomicheskie_khroniki
14,11,conj,"[13, 16]","['nsubj', 'obl']",13,punct,[],[],11,сент-соч,"[13, 15, 21]","['предик', '1-компл', 'сент-соч']",13,punct,[],[],"Прочие молодцы из той же сельско-спортивной корпорации громко издевались, кто над червем в спирту, кто над черепом.",74_2018Poseshchenie_muzeya
21,11,conj,"[20, 23]","['nsubj', 'obl']",20,punct,[],[],14,сент-соч,"[20, 22]","['предик', '1-компл']",20,punct,[],[],"Прочие молодцы из той же сельско-спортивной корпорации громко издевались, кто над червем в спирту, кто над черепом.",74_2018Poseshchenie_muzeya
11,14,amod,[9],['compound'],9,nmod,[10],['punct'],14,опред,"[9, 12]","['композ', 'сочин']",14,опред,"[9, 10, 12]","['композ', 'punct', 'сочин']","Существуют шахматы для более чем двух игроков: трех- и четырехсторонние шахматы, в которых за одной доской играют три или четыре игрока (пара на пару или каждый за себя), управляющие каждый своим комплектом фигур, а также ""командные"" варианты шахмат, где игра ведется команда на команду на одной или нескольких досках, причем на ход партии за одной доской влияют действия более чем одного игрока из каждой команды (например, шведские шахматы).",301_2011Shakhmaty
9,5,conj,"[7, 8, 11]","['mark', 'obj', 'obl']",8,punct,[],[],7,соч-союзн,"[8, 10]","['1-компл', '2-компл']",8,punct,[],[],"То собак по району разыскиваем, то змею по клинике…",180_2020_Corpus2_0Milaya_reptiliya
17,22,cc,"[15, 16]","['cc', 'advmod']",18,punct,"[14, 15, 16]","['punct', 'cc', 'advmod']",15,соч-союзн,"[16, 18, 20]","['огранич', 'сочин', 'атриб']",15,соч-союзн,"[14, 16, 18, 19]","['punct', 'огранич', 'punct', 'punct']","Собственно, две рядом расположенные выставки в V&A были про империю и власть, но только в разные времена.",89_2019Kartinki_Imperii
18,19,conj,[],[],11,conj,"[17, 19]","['punct', 'punct']",17,сочин,[19],['соч-союзн'],17,punct,[],[],"Собственно, две рядом расположенные выставки в V&A были про империю и власть, но только в разные времена.",89_2019Kartinki_Imperii
19,19,conj,"[18, 19]","['conj', 'conj']",18,punct,[],[],18,соч-союзн,[],[],17,punct,[],[],"Собственно, две рядом расположенные выставки в V&A были про империю и власть, но только в разные времена.",89_2019Kartinki_Imperii
11,12,advmod,[],[],13,punct,[],[],12,огранич,[],[],13,punct,[12],['punct'],"Изредка Деревянко уезжал в командировки, а в отпуск - никогда.",171_2020_Corpus2_0Uchitel_slovesnosti
12,3,conj,"[7, 9, 11, 13]","['cc', 'obl', 'advmod', 'advmod']",13,punct,[],[],7,соч-союзн,"[8, 11, 13]","['2-компл', 'огранич', 'обст']",11,punct,[],[],"Изредка Деревянко уезжал в командировки, а в отпуск - никогда.",171_2020_Corpus2_0Uchitel_slovesnosti
11,2,conj,"[10, 12]","['iobj', 'csubj']",10,punct,[],[],2,сент-соч,"[10, 12]","['дат-субъект', 'предик']",10,punct,[],[],"- Нет, - сказал я терпеливо, - мне на философский.",165_2018Nachalo
12,11,csubj,[14],['obl'],10,punct,[],[],11,предик,[13],['2-компл'],10,punct,[],[],"- Нет, - сказал я терпеливо, - мне на философский.",165_2018Nachalo
12,5,conj,"[9, 10, 14]","['cc', 'nsubj', 'obl']",5,conj,"[9, 10, 14]","['cc', 'nsubj', 'obl']",9,соч-союзн,"[10, 13, 16]","['предик', 'присвяз', 'сент-соч']",9,соч-союзн,"[10, 13, 16]","['предик', 'обст', 'сент-соч']","Потому что тогда деньги останутся на Западе, а власть - в России, а на кой черт клептократии власть без денег?",21_2012Chto_delat_posle_24_dekabrya
18,12,conj,"[16, 17]","['cc', 'discourse']",17,punct,[],[],16,соч-союзн,[17],['огранич'],16,соч-союзн,[17],['огранич'],"Я не читал стенограмму и не могу с точностью утверждать, ссылался Сталин на Олешу или нет.",72_2003Lyubit_drakona
6,1,conj,"[4, 5]","['cc', 'advmod']",5,punct,[],[],4,соч-союзн,[5],['огранич'],5,punct,[],[],Несет это угрозу или нет?,148_2019Dvadtsat_let_defoltu
14,1,conj,"[11, 12, 16]","['cc', 'nsubj', 'obl']",1,conj,"[11, 12, 16]","['cc', 'nsubj', 'xcomp']",11,соч-союзн,"[12, 16]","['предик', '1-компл']",11,соч-союзн,"[12, 16]","['предик', 'присвяз']","Был ветер, и от этого небо казалось высоким, а солнце - необычно маленьким и далеким.",90_uppsalaBitov_1
50,26,nsubj,"[46, 47, 48]","['advmod', 'det', 'amod']",53,cc,[],[],45,предик,"[46, 47, 48, 51]","['огранич', 'опред', 'опред', 'сочин']",51,вспом,[],[],"У него были основания так считать по фактическому несходству черт, глаз, волос, ушей - тут они действительно имели мало общего, но главным, что ему хотелось (быть может, и в тайне от себя) как-нибудь ловко проигнорировать, было не это формальное, а - подлинное, неуловимое, истинно фамильярное сходство, которое не есть сходство черт.",90_uppsalaBitov_2
2,1,orphan,[4],['obl'],4,punct,[],[],0,root,"[1, 3]","['1-компл', '2-компл']",4,punct,[],[],Всех в расход!..,107_2014Na_dvukh_voinakh_2
11,5,conj,"[9, 13]","['obj', 'obl']",5,conj,"[9, 13]","['obj', 'obl']",5,сочин,"[9, 12]","['1-компл', 'обст']",5,сочин,"[9, 12]","['1-компл', 'обст']","Переднюю часть вагона мы отвели для девушек, заднюю - для ребят.",28_2016Tselina_glazami_pervokursnika
14,8,conj,"[10, 12, 16]","['advmod', 'parataxis', 'nsubj']",16,punct,[],[],8,сент-соч,"[10, 12, 16, 20]","['обст', 'вводн', 'предик', 'сент-соч']",16,огранич,[],[],"На Первый канал оппозицию все равно не пустят, поэтому, конечно, - интернет, конечно, - поездки и встречи с общественными активистами в регионах, конечно, - многочисленная и разнообразная печатная продукция.",32_2009Natsionalnaya_assambleya
20,8,conj,"[18, 22]","['parataxis', 'nsubj']",16,conj,[],[],14,сент-соч,"[18, 22, 33]","['вводн', 'предик', 'сент-соч']",16,сочин,[19],['punct'],"На Первый канал оппозицию все равно не пустят, поэтому, конечно, - интернет, конечно, - поездки и встречи с общественными активистами в регионах, конечно, - многочисленная и разнообразная печатная продукция.",32_2009Natsionalnaya_assambleya
33,8,conj,"[31, 39]","['parataxis', 'nsubj']",39,punct,[32],['punct'],20,сент-соч,"[31, 39]","['вводн', 'предик']",39,punct,[],[],"На Первый канал оппозицию все равно не пустят, поэтому, конечно, - интернет, конечно, - поездки и встречи с общественными активистами в регионах, конечно, - многочисленная и разнообразная печатная продукция.",32_2009Natsionalnaya_assambleya
13,10,appos,[12],['det'],12,punct,[],[],10,об-аппоз,"[12, 14]","['опред', 'сочин']",12,punct,[],[],"Запись производится на специальном бланке, куда игрок вписывает ходы, свои и противника.",265_2011Shakhmaty
15,12,conj,"[14, 16]","['cc', 'nmod']",14,fixed,[],[],14,соч-союзн,[16],['квазиагент'],14,punct,[],[],"Запись производится на специальном бланке, куда игрок вписывает ходы, свои и противника.",265_2011Shakhmaty
9,0,root,"[1, 3, 10]","['cc', 'advcl', 'xcomp']",10,punct,[],[],1,соч-союзн,"[2, 10]","['1-компл', 'предик']",10,punct,[],[],А чтобы принять участие в грантовом конкурсе - представить социально значимый проект.,141_2017V_poiskakh_buntovshchikov
8,2,parataxis,"[6, 10]","['nsubj', 'obl']",10,punct,[],[],2,разъяснит,"[6, 9, 14]","['предик', 'обст', 'сент-соч']",6,punct,[],[],"Все выбились из сил: Марина - в Одессе, я - в Москве.",287_2020_Corpus2_0Uchitel_slovesnosti
14,6,conj,"[12, 16]","['nsubj', 'obl']",12,punct,[],[],8,сент-соч,"[12, 15]","['предик', 'обст']",12,punct,[],[],"Все выбились из сил: Марина - в Одессе, я - в Москве.",287_2020_Corpus2_0Uchitel_slovesnosti
3,0,root,"[1, 7]","['advmod', 'obl']",7,cc,[],[],0,root,"[1, 5, 9]","['вводн', 'обст', 'сочин']",7,punct,[],[],"Вернее, не на самом вечере, а перед вечером в раздевалке.",104_2018Nachalo
10,1,conj,"[9, 12, 14]","['cc', 'obl', 'obl']",12,advmod,[],[],9,соч-союзн,"[11, 13]","['обст', 'обст']",9,огранич,[],[],"Вернее, не на самом вечере, а перед вечером в раздевалке.",104_2018Nachalo
16,10,conj,"[13, 14, 15]","['cc', 'nummod', 'amod']",19,punct,[],[],13,соч-союзн,"[14, 15, 17]","['количест', 'опред', 'сочин']",15,punct,[],[],"Так вот обычно в лазере усиливается не одна конкретная длина волны, а несколько близких или даже много близких длин волн.",199_2011Sverkhkorotkoe_vremya
5,4,cc,"[3, 7]","['cc', 'obj']",4,punct,[],[],3,соч-союзн,"[4, 7]","['предик', '1-компл']",4,punct,[],[],"- ""А я собачью будку!""",390_uppsalaGrekova_2
14,4,conj,"[10, 12, 16]","['cc', 'nsubj', 'obl']",4,conj,"[10, 12, 16]","['cc', 'nsubj', 'obl']",10,соч-союзн,"[12, 16]","['предик', 'обст']",10,соч-союзн,"[12, 16]","['предик', 'обст']","Когда один министр думает и делает одним образом, а все правительство - другим образом, это не очень хорошо.",33_2006Vtoraya_popytka
32,25,conj,"[31, 34, 37]","['cc', 'nmod', 'nmod']",25,conj,"[31, 34, 37]","['cc', 'nmod', 'nmod']",31,соч-союзн,"[34, 35]","['1-компл', 'атриб']",31,соч-союзн,"[34, 35]","['квазиагент', 'атриб']","Однако, несмотря на критику в адрес российской власти, в 2003 году было принято Соглашение между правительствами Российской Федерации и Итальянской Республики об изучении русского языка в Итальянской Республике и итальянского языка в Российской Федерации, а также Меморандум об организации в общеобразовательных учреждениях России и Италии двуязычных классов с преподаванием на русском и итальянском языках.",194_2020_RFFITrudnosti_ponimaniya
20,5,conj,"[18, 22]","['obl', 'obl']",5,conj,"[15, 18, 22]","['punct', 'obl', 'obl']",5,сочин,"[16, 21, 30]","['обст', '1-компл', 'сочин']",5,сочин,"[16, 21, 30]","['обст', '2-компл', 'сочин']","С тех пор институт входил последовательно в Наркомпрос, ВСНХ, Наркомтяжмаш, Наркомсредмаш, с 1939 года - в Академию наук СССР, с 1991 года - в Российскую академию.",111_2003Zhores
30,5,conj,"[28, 33]","['obl', 'obl']",5,conj,"[25, 28, 33]","['punct', 'obl', 'obl']",20,сочин,"[26, 31]","['обст', '1-компл']",20,сочин,"[26, 31]","['обст', '1-компл']","С тех пор институт входил последовательно в Наркомпрос, ВСНХ, Наркомтяжмаш, Наркомсредмаш, с 1939 года - в Академию наук СССР, с 1991 года - в Российскую академию.",111_2003Zhores
13,9,advcl,"[11, 12, 14]","['mark', 'advmod', 'nsubj']",14,amod,[],[],11,сравн-союзн,"[12, 14]","['обст', 'предик']",14,опред,[12],['обст'],"Темные глаза первосвященника блеснули, и, не хуже, чем ранее прокуратор, он выразил на своем лице удивление.",373_2018Pontii_Pilat
43,16,conj,"[37, 38, 42, 44]","['cc', 'advmod', 'advmod', 'xcomp']",45,punct,[],[],37,соч-союзн,"[38, 42, 44]","['обст', 'огранич', '1-компл']",45,огранич,[41],['punct'],"То есть, сначала, узнав о нем еще в январе-феврале, он боялся чуть-чуть (в фейсбуке прочел, что эта зараза не опаснее гриппа), в марте начал бояться сильней, а ближе к апрелю - уже очень-очень.",5_2020_Corpus2_0Pisma_schastiya
44,43,xcomp,"[45, 47]","['advmod', 'advmod']",45,punct,[],[],43,1-компл,[45],['огранич'],45,punct,[],[],"То есть, сначала, узнав о нем еще в январе-феврале, он боялся чуть-чуть (в фейсбуке прочел, что эта зараза не опаснее гриппа), в марте начал бояться сильней, а ближе к апрелю - уже очень-очень.",5_2020_Corpus2_0Pisma_schastiya
18,12,conj,"[16, 20]","['nsubj', 'obl']",12,conj,"[16, 20]","['nsubj', 'obl']",12,сент-соч,"[16, 19]","['предик', '2-компл']",12,сент-соч,"[16, 19]","['предик', '1-компл']","Аналогичная участь может постигнуть Бермудские и Антильские острова: первые также ассоциированы с Великобританией, вторые - с Нидерландами.",77_2003Nalog_na_tainu
12,11,xcomp,[16],['obl'],11,xcomp,[16],['obl'],11,1-компл,[14],['1-компл'],11,1-компл,[14],['1-компл'],"Печатная машина может весить и около 3 тонн, а может и свыше 100 тонн.",6_uppsalaKorp_611
28,9,advcl,"[22, 31]","['nsubj', 'obl']",9,advcl,"[22, 31]","['nsubj', 'obl']",21,подч-союзн,"[22, 29]","['предик', '1-компл']",21,подч-союзн,"[22, 29]","['предик', '1-компл']","В-третьих, обеспечила семьи солдат деньгами (они получали 85% чистого заработка кормильца до призыва, в то время как семьи британских и американских солдат - менее 50%).",25_2007Podkormlennyi_natsizm
13,14,case,[],[],11,punct,[],[],4,сент-соч,"[11, 14, 15]","['обст', 'предл', 'предик']",11,punct,"[14, 15, 16]","['punct', 'punct', 'обст']","В четверг утром у нас семинар по активному словарю, вечером - по бытовому.",236_2016Slovo_ne_to_chem_kazhetsya
14,17,orphan,"[11, 12, 13, 15]","['obl', 'punct', 'case', 'nsubj']",11,punct,[],[],13,предл,[12],['punct'],13,punct,[],[],"В четверг утром у нас семинар по активному словарю, вечером - по бытовому.",236_2016Slovo_ne_to_chem_kazhetsya
15,14,nsubj,[17],['nmod'],11,punct,[],[],13,предик,[16],['1-компл'],13,punct,[],[],"В четверг утром у нас семинар по активному словарю, вечером - по бытовому.",236_2016Slovo_ne_to_chem_kazhetsya
12,8,nmod,"[9, 10, 11, 15, 17]","['case', 'det', 'amod', 'ref', 'acl']",11,punct,[],[],9,предл,"[10, 11, 17]","['опред', 'опред', 'релят']",11,punct,[],[],"Сначала он представился ей в белом кружевном конверте вроде того мемориального, в котором когда-то спала их мать, а теперь кукла Слава.",245_2019Podkidysh
23,17,conj,"[21, 22, 24]","['cc', 'advmod', 'nsubj']",24,punct,[],[],21,соч-союзн,"[22, 24]","['обст', 'предик']",22,punct,[],[],"Сначала он представился ей в белом кружевном конверте вроде того мемориального, в котором когда-то спала их мать, а теперь кукла Слава.",245_2019Podkidysh
20,10,conj,"[14, 16, 21]","['cc', 'obj', 'obl']",9,conj,"[14, 16, 21]","['cc', 'obj', 'xcomp']",14,соч-союзн,"[16, 21]","['1-компл', '2-компл']",14,соч-союзн,"[16, 21]","['1-компл', '2-компл']","Например, замеченного в каких-либо прегрешениях директора школы могли сделать директором бани, а второго секретаря горкома партии - заместителем председателя горисполкома совсем в другом городе, где его никто не знал.",8_2013Sumerki_rossiiskoi_korruptsii
13,3,conj,"[10, 11, 14]","['cc', 'nsubj', 'obl']",3,conj,"[10, 11, 14]","['cc', 'nsubj', 'nummod']",10,соч-союзн,"[11, 14]","['предик', '1-компл']",14,punct,[11],['предик'],"Сегодня мы имеем на науку 1 миллиард долларов, а американцы - 200.",372_2003Zhores
2,1,orphan,[3],['advmod'],3,punct,[],[],0,root,"[1, 3]","['предик', 'обст']",1,punct,[],[],Некоторые надолго.,156_2003Vyzhivshii_kamikadze
10,11,advmod,[],[],13,punct,[],[],11,огранич,[],[],7,punct,[11],['punct'],"Но в праздники балийцы стараются не работать, особенно по найму.",647_2020_RFFIIndoneziya_ot_ada_do_raya
11,7,conj,"[9, 10, 13]","['advmod', 'advmod', 'obl']",13,punct,[],[],7,сочин,"[9, 10, 12]","['огранич', 'огранич', 'обст']",10,punct,[],[],"Но в праздники балийцы стараются не работать, особенно по найму.",647_2020_RFFIIndoneziya_ot_ada_do_raya
16,9,conj,"[14, 18]","['nsubj', 'obl']",9,conj,"[14, 18]","['nsubj', 'obl']",9,сочин,"[14, 18, 20]","['предик', '1-компл', 'сочин']",9,сент-соч,"[14, 18, 20]","['предик', '1-компл', 'сент-соч']","На новых выборах в рейхстаг 31 июля КПГ получила 5,3 миллиона голосов, СДПГ - почти 8, а НСДАП - 13,7.",224_2005Stranitsy_voennoi_istorii
23,9,conj,"[20, 21, 24]","['cc', 'nsubj', 'obl']",24,punct,[21],['nsubj'],20,соч-союзн,"[21, 24]","['предик', '1-компл']",21,punct,[24],['1-компл'],"На новых выборах в рейхстаг 31 июля КПГ получила 5,3 миллиона голосов, СДПГ - почти 8, а НСДАП - 13,7.",224_2005Stranitsy_voennoi_istorii
10,2,conj,"[8, 11]","['nsubj', 'obj']",2,conj,"[8, 11]","['nsubj', 'obj']",2,сент-соч,"[8, 11]","['предик', '1-компл']",2,сент-соч,"[8, 11]","['предик', '1-компл']","Белые занимают первую и вторую горизонтали, черные - седьмую и восьмую.",25_2011Shakhmaty
5,3,orphan,[8],['obl'],0,root,"[3, 8]","['obl', 'obl']",0,root,"[1, 6]","['обст', 'обст']",0,root,"[1, 6]","['обст', 'атриб']",С 1961 года - в Военной академии им. Фрунзе.,9_2005Voennaya_doktrina
18,13,conj,"[16, 21]","['obl', 'obl']",13,advcl,"[16, 21]","['advmod', 'obl']",13,сочин,"[15, 21]","['обст', '1-компл']",13,сочин,[21],['агент'],"Игрок, сделавший ошибочный (не допускаемый правилами) ход, обязан переходить, если возможно, той же фигурой.",200_2011Shakhmaty
27,19,conj,"[23, 26, 28]","['cc', 'obl', 'nsubj']",26,punct,[],[],23,соч-союзн,"[24, 28]","['1-компл', 'предик']",28,punct,[],[],"Я помню, когда первый раз пришел в правительство в 1991 году в качестве министра труда, министры сидели где-то сбоку, а за центральным столом члены президиума.",46_2003Delit_na_vosem
13,3,conj,"[11, 14]","['iobj', 'obj']",14,punct,[],[],3,сочин,"[11, 14, 20]","['2-компл', '1-компл', 'сочин']",14,огранич,[],[],"Польше Германия отдала Познань, часть Силезии и Приморье, Чехословакии - часть Верхней Силезии, Дании - Северный Шлезвиг.",31_2005Stranitsy_voennoi_istorii
20,3,conj,"[18, 22]","['iobj', 'obj']",18,punct,[],[],13,сочин,"[18, 22]","['2-компл', '1-компл']",18,punct,[],[],"Польше Германия отдала Познань, часть Силезии и Приморье, Чехословакии - часть Верхней Силезии, Дании - Северный Шлезвиг.",31_2005Stranitsy_voennoi_istorii
16,7,conj,"[15, 19]","['obl', 'obl']",15,punct,[],[],7,примыкат,"[13, 17]","['обст', '3-компл']",15,punct,[],[],"Заезжая на пит-лейн, гонщик обязан снизить скорость до 100 км/ч (на свободных заездах до 60 км/ч).",96_2011Formula-1
22,1,conj,"[20, 21, 24]","['cc', 'advmod', 'obl']",21,advmod,[],[],20,соч-союзн,"[21, 23]","['обст', 'обст']",21,огранич,[],[],"Понятно, что с богословской точки зрения мы люди не столь образованные, как ""православные эксперты"", но так в Евангелии.",116_2012Otluchenie_tserkvi
19,7,conj,"[13, 14, 16, 21]","['cc', 'nsubj', 'parataxis', 'xcomp']",7,conj,"[13, 14, 16, 21]","['cc', 'nsubj', 'parataxis', 'obl']",13,соч-союзн,"[14, 16, 20]","['предик', 'вводн', '1-компл']",13,соч-союзн,"[14, 16, 20]","['предик', 'вводн', 'обст']","Они, значит, с мамой стояли на пыльной половине комнаты, а отец, следовательно, - на мытой и весенней…",59_uppsalaBitov_2
16,9,conj,"[13, 17]","['obl', 'obj']",9,conj,"[13, 17]","['obl', 'obj']",9,сочин,"[12, 17, 19]","['обст', '1-компл', 'сочин']",9,сочин,"[12, 17, 19]","['обст', '1-компл', 'сочин']","8 марта, наступая в Бирме, японцы захватывают Рангун, в конце апреля - Мандалай, и к маю овладевают почти всей Бирмой, нанеся поражения британским и китайским войскам и отрезав южный Китай от Индии.",432_2019Vtoraya_mirovaya_voina
2,0,root,"[1, 3]","['advmod', 'nsubj']",3,orphan,[],[],0,root,"[1, 3, 5]","['обст', 'предик', 'сент-соч']",0,root,"[1, 3, 5]","['обст', 'предик', 'сент-соч']","Сначала легкий, но вскоре ветер окреп, все повеселели.",101_2020_RFFIIndoneziya_ot_ada_do_raya
20,12,conj,"[18, 19, 21]","['cc', 'nsubj', 'obl']",19,punct,[],[],18,соч-союзн,"[19, 21]","['предик', 'присвяз']",19,punct,[],[],"Повод к банкротству самый заурядный: из-за задержек коммунальных платежей КОС оказался должен комбинату 8 млн, а комбинат КОСу всего 6 млн.",86_2012Kooperativ_u_ozera
21,20,obl,"[22, 25]","['iobj', 'obl']",19,punct,[],[],20,присвяз,"[22, 25]","['2-компл', '1-компл']",19,punct,[],[],"Повод к банкротству самый заурядный: из-за задержек коммунальных платежей КОС оказался должен комбинату 8 млн, а комбинат КОСу всего 6 млн.",86_2012Kooperativ_u_ozera
39,34,conj,"[38, 40, 42]","['cc', 'nmod', 'nmod']",34,conj,"[38, 40, 42]","['cc', 'nmod', 'nmod']",38,соч-союзн,"[40, 41]","['квазиагент', '1-компл']",38,соч-союзн,"[40, 41]","['квазиагент', '1-компл']","""Революция кедра"" смела просирийский режим в Ливане - и в стране резко усилились позиции экстремистов из ""Хезболла"", а к власти пришла крайне рыхлая коалиция, основанная на беспринципных союзах левых с правыми и мусульман с христианами.",33_2006Demonstratsiya_flaga
1,11,orphan,[2],['advmod'],11,punct,[],[],0,root,"[2, 8]","['обст', 'обст']",11,punct,[],[],"Тогда, как и сейчас, в качестве внештатного сотрудника.",11_2011Interviyu_Mariny_Astvatsaturyan
5,7,orphan,[2],['obl'],7,punct,[],[],0,root,"[1, 7]","['1-компл', 'предик']",7,punct,[],[],На конец их - Первая мировая.,95_2012Teorema_Stolypina
2,1,orphan,[4],['obl'],1,punct,[],[],0,root,"[1, 3, 6]","['предик', '1-компл', 'сент-соч']",1,punct,[],[],"Кто от скарлатины, а кто от тифа.",125_2014Na_dvukh_voinakh_2
8,1,conj,"[6, 7, 10]","['cc', 'nsubj', 'obl']",7,punct,[],[],6,соч-союзн,"[7, 9]","['предик', '1-компл']",7,punct,[],[],"Кто от скарлатины, а кто от тифа.",125_2014Na_dvukh_voinakh_2
4,0,root,"[1, 2, 3, 6]","['advmod', 'aux', 'iobj', 'obj']",3,punct,[],[],0,root,"[2, 3, 6]","['аналит', 'дат-субъект', '1-компл']",3,punct,[],[],Вот бы ему такое могущество!,546_2020_Corpus2_0Malenkii_prints
38,30,conj,"[34, 36, 40]","['cc', 'obl', 'obj']",30,conj,"[34, 36, 40]","['cc', 'obl', 'nsubj']",34,соч-союзн,"[35, 40]","['обст', '1-компл']",34,соч-союзн,"[35, 40]","['обст', 'предик']","Между тем Светлана Кононец, ведущий специалист Международной академии развития человека, занимающейся обучением людей по методу Бронникова, утверждает, что люди, овладевшие навыками альтернативного зрения, видят белое поле, а на нем - четкое изображение объектов, которые находятся перед ним.",8_2003I_slepye_prozreyut
59,24,conj,"[57, 58, 61, 65]","['cc', 'advmod', 'obl', 'parataxis']",61,advmod,[58],['advmod'],57,соч-союзн,"[58, 61, 65]","['огранич', '1-компл', 'изъясн']",61,огранич,[],[],"Но старик, к которому воззвал праведный глас Денисова, сразу обрадовался, сказал, что такую контру, как Денисов, он рубал на южных и юго-восточных фронтах, что он боролся с Деникиным, что он как участник ВОВ получает к праздникам свой шмат икры, и ветчину утюжком производства Федеративной Республики Югославии, и даже две пачки дрожжей, что свидетельствует о безоговорочном доверии к нему, участнику ВОВ, со стороны государства в том плане, что он не употребит дрожжи во зло и самогон гнать не будет; сказал, что теперь он в ответ на доверие государства каленым железом выжигает половую распущенность в ихнем кооперативе ""Черный лебедь"" и не позволит всяким гадам в японских куртках бунтовать против нашего советского мясника, что правильно сориентированный человек должен понимать, что нехватка мяса объясняется тем, что кое-кто завел дорогих, недоступных простому народу собак и те все мясо поели; а что если масла нет - значит, и войны не будет, потому что все деньги с масла пошли на оборону, а кто носит тапки ""адидас"", тот нашу родину предаст.",325_2003Somnambula_v_tumane
1,4,nmod,[2],['nmod'],4,punct,[],[],0,root,"[2, 3]","['квазиагент', '1-компл']",4,punct,[],[],Кого к кому?,341_2006Sluzhivoe_pravo
8,12,obl,[7],['advmod'],7,punct,[],[],7,1-компл,[],[],7,punct,[],[],Да каждый из нас за день столько и такого экстремизма наслушается!,29_2010Ekstremizm
26,3,conj,"[7, 8, 11, 22, 27]","['cc', 'nsubj', 'obl', 'parataxis', 'obj']",3,conj,"[7, 8, 11, 27]","['cc', 'nsubj', 'obl', 'obj']",7,соч-союзн,"[8, 9, 22, 27]","['предик', 'обст', 'вводн', '1-компл']",7,соч-союзн,"[8, 9, 27]","['предик', 'обст', '1-компл']","- Мы надавим на Кудрина, а вы от дополнительной суммы, полученной из федерального бюджета, - едва ли не подмигнул Жириновский, - заказ нашей фирме.",9_2005Muzhei_ne_obeshchal
7,3,advcl,"[5, 6, 8]","['mark', 'nsubj', 'iobj']",8,amod,[],[],5,сравн-союзн,"[6, 8]","['предик', '1-компл']",8,punct,[],[],"Терпеливые и сочувствующие (как Миклухо-Маклай папуасам), эти наблюдатели пытаются понять совершенно новых для них людей: очень простых, чисто белых, необразованных и крикливых.",18_2018Kto_za_Trampa
28,18,conj,"[22, 23, 24, 25, 26]","['cc', 'obl', 'advmod', 'det', 'amod']",3,punct,[],[],22,соч-союзн,"[23, 24, 25, 26]","['огранич', 'огранич', 'опред', 'опред']",3,punct,[],[],"Некоторые птицы готовы высиживать муляжи, лишь отдалённо напоминающие их яйца, когда другие отказываются насиживать похожие яйца родственных видов, а иногда и свои собственные.",128_2013Povedenie
21,5,conj,"[15, 17, 25]","['cc', 'obl', 'obl']",25,punct,[],[],15,соч-союзн,"[16, 23]","['4-компл', '1-компл']",17,punct,[],[],"Для сравнения: государство выделит в нынешнем году ученым почти 120 миллиардов рублей, а на развитие широко разрекламированных нанотехнологий всего-то около 9,5 миллиарда.",12_2008Nepodiemnyi_kredit
3,0,root,"[1, 4, 6, 18]","['obl', 'nsubj', 'nsubj', 'obj']",0,root,"[1, 4, 18, 21]","['obl', 'nsubj', 'conj', 'punct']",0,root,"[1, 4, 8]","['обст', 'предик', 'сент-соч']",0,root,"[1, 4, 8]","['обст', 'предик', 'сент-соч']","11 декабря Германия и Италия, а 13 декабря - Румыния, Венгрия и Болгария - объявляют войну США.",417_2019Vtoraya_mirovaya_voina
12,8,parataxis,"[10, 11, 14]","['cc', 'advmod', 'obl']",11,punct,[],[],10,соч-союзн,"[11, 13]","['обст', 'обст']",11,punct,[],[],"Ее выслушали, а потом профессор ласково спросил: а зачем на примере человека?",20_2009EGE
15,9,conj,"[13, 17]","['obl', 'obl']",9,conj,"[13, 17]","['nsubj', 'obl']",9,сочин,"[13, 16]","['длительн', '2-компл']",9,сент-соч,"[13, 16]","['1-компл', '2-компл']","Быстро прошел отпуск и бестолково: первую половину лечилась от комаров, вторую - от синяков…",203_uppsalaGrekova_1
20,3,conj,"[17, 19, 21]","['cc', 'obl', 'advmod']",3,conj,"[17, 19, 21]","['cc', 'obl', 'advmod']",17,соч-союзн,"[18, 21]","['2-компл', 'обст']",17,соч-союзн,"[18, 21]","['3-компл', 'обст']","Сиртаки тут исполняют редко (по заказу туристов), зато охотно танцуют островные танцы… но об этом потом.",187_2020_Corpus2_0Parallelnyi_mir
3,6,nsubj,[2],['det'],2,punct,[],[],6,предик,[2],['опред'],4,punct,[],[],А чей тогда?,38_2012Iz_pochtovykh_yashchikov
6,4,cc,"[1, 3]","['cc', 'nsubj']",2,punct,[],[],1,соч-союзн,"[3, 4]","['предик', 'обст']",2,punct,[],[],А чей тогда?,38_2012Iz_pochtovykh_yashchikov
9,2,conj,"[7, 11]","['nsubj', 'obl']",2,conj,"[7, 11]","['nsubj', 'obl']",2,сент-соч,"[7, 10]","['предик', 'обст']",2,сент-соч,"[7, 10]","['предик', 'обст']","Один выпущен в конце 1981, другой - в начале 1986 года…",10_uppsalaKorp_262
26,9,conj,"[24, 27, 29]","['nsubj', 'obj', 'obj']",9,conj,"[24, 27]","['nsubj', 'obj']",20,сент-соч,"[24, 27]","['предик', '1-компл']",20,сент-соч,"[24, 27]","['предик', '1-компл']","В декабре в результате наступления войска Западного фронта освобождают Яхрому, Клин, Волоколамск, Калугу; Калининский фронт освобождает Калинин; Юго-Западный фронт - Ефремов и Елец.",403_2019Vtoraya_mirovaya_voina
11,5,conj,"[8, 9, 12]","['cc', 'iobj', 'nsubj']",12,punct,[],[],8,соч-союзн,"[9, 12]","['неакт-компл', 'предик']",12,огранич,[],[],"При гуманистическом подходе машине останется машинное, а человеку - человеческое.",173_2016Gumanisticheskaya_pedagogika
18,4,conj,"[15, 16, 20]","['cc', 'nsubj', 'obl']",4,conj,"[15, 16, 20]","['cc', 'nsubj', 'obl']",15,соч-союзн,"[16, 19]","['предик', 'обст']",15,соч-союзн,"[16, 19]","['предик', 'обст']","Жена мужу не прислуга, а подруга; родители берегут дочь до венца, а муж - до конца.",193_2012Poslednie_russkie
39,35,conj,[42],['nmod'],35,parataxis,"[36, 37, 42]","['punct', 'cc', 'nmod']",35,сочин,"[37, 40]","['огранич', 'квазиагент']",35,разъяснит,"[37, 40]","['огранич', 'атриб']","В силу того, что процент людей, пришедших на избирательные участки, может радикально меняться в зависимости от многих факторов и, чтобы не запутаться в цифрах - я буду далее называть АБСОЛЮТНЫЕ проценты, то есть от общего числа людей, имеющих право голоса.",9_2012Sovety_oppoziitsii
48,11,conj,"[37, 40, 44, 50]","['cc', 'obl', 'parataxis', 'obl']",11,conj,"[37, 40, 44, 50]","['cc', 'obl', 'parataxis', 'obl']",37,соч-союзн,"[38, 42, 49]","['обст', 'вводн', '1-компл']",37,соч-союзн,"[38, 42, 49]","['обст', 'вводн', '1-компл']","Ее отец - мой дедушка - в 1937 году был сослан в город Ирбит, в 1938 году умер, моя бабушка отбывала срок в Иркутске, умерла от инсульта в возрасте всего 52 лет, а на самом деле, как я понял потом, - от страха.",12_2012Stalin_vozvrashchyalsya
4,1,parataxis,"[3, 16]","['parataxis', 'parataxis']",3,punct,[],[],0,root,"[1, 3, 16]","['1-компл', 'вводн', 'разъяснит']",3,punct,[],[],"Обязанности - дато, что раньше мы делали на инициативной основе, теперь стало нашей обязанностью.",15_2009Status_VShE
19,3,conj,"[18, 21]","['nsubj', 'obl']",3,conj,"[18, 21]","['nsubj', 'obl']",3,сент-соч,"[18, 20]","['предик', '1-компл']",3,сент-соч,[20],['1-компл'],"Первый путь заключался в том, чтобы покупать программное и аппаратное обеспечение у системных интеграторов, второй путь в том, чтобы разрабатывать все программное обеспечение силами своих программистов.",28_2003Avtomatizatsiya
14,1,conj,"[11, 13, 16]","['cc', 'obl', 'nsubj']",13,cop,[],[],11,соч-союзн,"[12, 16]","['обст', 'предик']",11,соч-союзн,"[12, 16]","['обст', 'предик']","Ушли из жизни друг за другом Мещеряков и Ильенков, а с ними золотое время поиска и открытий.",148_2011Apraushev
4,3,parataxis,"[1, 6]","['parataxis', 'obl']",3,punct,[],[],0,root,"[1, 3, 5]","['вводн', 'предик', '3-компл']",3,punct,[],[],"Нет, я о нас.",17_2009Neudachnye_vremena
3,1,conj,[6],['obj'],6,cc,[],[],1,сент-соч,[6],['1-компл'],4,огранич,[],[],"Скорее, вот этот том, ""элоквенция - яя"".",281_2020_Corpus2_0Khochu_byt_negrom
2,1,orphan,[4],['det'],4,punct,[],[],0,root,"[1, 4, 5]","['обст', '1-компл', 'сочин']",1,punct,[],[],Почему именно этого и почему именно его одного?,153_2006Sluzhivoe_pravo
7,1,conj,"[5, 6, 9]","['cc', 'advmod', 'obj']",6,punct,[],[],5,соч-союзн,"[6, 9]","['обст', '1-компл']",6,punct,[],[],Почему именно этого и почему именно его одного?,153_2006Sluzhivoe_pravo
12,18,advcl,"[11, 14]","['mark', 'obj']",14,advmod,[],[],11,инф-союзн,[14],['1-компл'],11,огранич,[],[],"Она сказала, что надо продолжить свадьбу, ну, если не свадьбу, то чтоб было, как было.",89_2005Mamleev_svadba
10,4,conj,"[7, 9, 11]","['cc', 'obl', 'nsubj']",9,advmod,[],[],7,соч-союзн,"[8, 11]","['1-компл', 'предик']",9,punct,[],[],"На бивнях фантов появилось оружие, а на спинах башенки с воинами.",65_2008Galopom_ot_trollei
25,37,nsubj,"[24, 27, 31]","['amod', 'amod', 'nmod']",24,amod,[],[],37,предик,"[24, 27, 31]","['опред', 'опред', 'атриб']",24,огранич,[],[],"Но у твердых мембран имеется серьезный недостаток: они не способны разделять ионы одинакового знака (когда извлекаемых ионов - немного, а других , ненужных, того же знака заряда, наоборот, - много).",61_uppsalaKorp_621
22,19,advcl,"[21, 23, 24]","['mark', 'obj', 'obl']",23,punct,[],[],21,сравн-союзн,"[23, 24]","['1-компл', 'обст']",23,punct,[],[],"На старости лет мечтает уйти в монастырь, ""да нет их теперь, монастырей-то, истребили, как клопов дустом"".",416_uppsalaGrekova_3
10,7,conj,"[8, 9]","['cc', 'discourse']",7,conj,"[8, 9]","['cc', 'discourse']",8,соч-союзн,[9],['огранич'],8,соч-союзн,[9],['огранич'],"Организаторам путешествия теперь предстоит решить, совершить или нет замену оборудования.",45_newsYa_53
17,24,parataxis,"[15, 16]","['case', 'det']",24,parataxis,[16],['amod'],15,предл,[16],['опред'],15,предл,"[16, 18]","['опред', 'punct']","С одной стороны, многие ее выводы неудобны для наших сегодняшних прогрессивных идеологий, с другой - большинство гуманитарных специалистов просто не знает даже основ естественных наук, полагая их лишними в своей области, и это приводит к сильным искажениям реальности - хотя бы той, которую мы в состоянии наблюдать.",50_2020_Corpus2_0Muraviinyi_kosmos
21,19,appos,"[20, 22, 24]","['punct', 'nmod', 'nmod']",22,punct,[],[],19,разъяснит,"[20, 22, 23]","['punct', 'квазиагент', '1-компл']",22,punct,[],[],"Они упирались друг в друга глазами, не совпадая во времени на десятилетие, и продолжали свой дикий диалог: слепого с глухонемым.",184_2019Podkidysh
18,13,conj,"[17, 21]","['nmod', 'nmod']",13,conj,"[14, 17, 21]","['punct', 'nmod', 'nmod']",13,сочин,"[15, 19]","['огранич', 'атриб']",13,сочин,"[14, 15, 19]","['punct', 'огранич', 'атриб']","За этим отраженным пучком рентгеновского света можно наблюдать, можно измерять его интенсивность, в том числе при разных углах, и смотреть на колебания.",232_2011Sverkhkorotkoe_vremya
28,26,parataxis,"[31, 34]","['obl', 'obl']",26,parataxis,"[27, 31, 36, 44]","['punct', 'nmod', 'conj', 'conj']",26,разъяснит,"[29, 36]","['2-компл', 'сочин']",26,разъяснит,"[29, 36]","['2-компл', 'сочин']","Только виртуальная жизнь теперь и есть, от прежней остались некоторые клочки: еда, сон, короткие перебежки, для каждой из которых нужно обоснование: в ближайший магазин, в аптеку, выгулять собаку, у кого есть, или взять напрокат у соседа.",45_2020_Corpus2_0Velikoe_pereselenie
27,20,conj,"[25, 26]","['cc', 'advmod']",26,punct,[],[],25,соч-союзн,[26],['огранич'],25,соч-союзн,[26],['огранич'],"По ним проверяется эмоциональное состояние, тип характера личности, и уже исходя из этого, можно увидеть, склонен человек к состоянию аффекта или нет.",95_2019Ochen_affektnoe_ubiistvo
11,2,conj,"[9, 10, 13]","['cc', 'nsubj', 'obl']",2,conj,"[9, 10, 13]","['cc', 'nsubj', 'obl']",9,соч-союзн,"[10, 12]","['предик', '2-компл']",9,соч-союзн,"[10, 12]","['предик', '1-компл']","Сафин сыграет с малоизвестным французом Антони Дюпуи, а Кафельников с кем-то из победителей квалификационного раунда соревнований.",36_newsYa_22
11,2,conj,"[7, 9, 12]","['cc', 'obl', 'nsubj']",12,punct,[],[],7,соч-союзн,"[9, 12, 15]","['обст', 'предик', 'сент-соч']",12,punct,[],[],"Там сверкала серебром свежая рыба, и смуглым золотом - копчености; там царил - гордость Иркутска - истекающий медленным, янтарным жиром омуль…",237_uppsalaNagibin_1
21,11,parataxis,"[19, 24]","['obl', 'nsubj']",16,parataxis,"[19, 24]","['obl', 'nsubj']",11,примыкат,"[18, 22]","['обст', 'предик']",16,примыкат,"[18, 22]","['обст', 'предик']","Правда, вскоре многочисленные исследования показали, что зловещую бактерию носит в своих желудках множество людей (в России - около 75% населения).",166_2013Poslednii_dovod_issledovatelya
9,2,conj,"[7, 8, 12]","['cc', 'advmod', 'obl']",2,conj,"[7, 8, 12]","['cc', 'advmod', 'obl']",7,соч-союзн,"[8, 11]","['обст', '2-компл']",7,соч-союзн,"[8, 11]","['обст', '2-компл']","Только принять Грузию в НАТО, а потом и в Евросоюз.",271_2006Misha
3,4,csubj,[2],['obl'],2,punct,[],[],4,предик,[1],['присвяз'],2,punct,[],[],С Цики надоело.,312_2020_RFFIIndoneziya_ot_ada_do_raya
10,2,cop,[],[],2,advmod,[],[],0,root,"[1, 3, 11, 14]","['присвяз', 'неакт-компл', 'обст', 'предик']",14,огранич,[],[],"В руках у ребят, особенно младших классов, часто только одна тетрадь и карандаш.",481_2020_RFFIIndoneziya_ot_ada_do_raya
4,5,orphan,"[1, 3]","['csubj', 'advmod']",5,punct,[],[],0,root,"[1, 3, 5]","['предик', 'огранич', 'дат-субъект']",3,punct,[],[],Умирать - тоже журналистам.,62_2008Chem_kumushek_schitat
13,7,conj,"[11, 14]","['advmod', 'obl']",14,advmod,[],[],7,сочин,"[11, 14]","['обст', '2-компл']",7,сочин,"[11, 14]","['обст', '1-компл']","То, куда отец исчезал, называлось обычно службой, реже - биржей.",7_uppsalaNagibin_1
17,9,parataxis,"[13, 14, 15, 16]","['cop', 'nsubj', 'amod', 'amod']",16,punct,[],[],13,присвяз,"[15, 16, 18]","['опред', 'опред', 'сочин']",16,punct,[],[],Она хотела сохранить власть и оградить себя от чисток любого рода - будь то кровавые сталинские или идеологические реформаторские.,122_2006Levyi_povorot
22,14,orphan,"[18, 19, 20]","['cc', 'amod', 'amod']",2,punct,[],[],18,соч-союзн,"[19, 20]","['опред', 'опред']",2,punct,[],[],Она хотела сохранить власть и оградить себя от чисток любого рода - будь то кровавые сталинские или идеологические реформаторские.,122_2006Levyi_povorot
14,5,conj,"[10, 16]","['nsubj', 'obl']",16,punct,[],[],5,сент-соч,"[10, 16, 25]","['предик', '1-компл', 'сент-соч']",16,punct,[],[],"Оказалось, что поломка составляет лишь 2 %, скалывание режущих кромок - 1,5 %, интенсивное истирание при неправильном режиме резания - 17,5 %.",30_uppsalaKorp_607
25,5,conj,"[19, 27]","['nsubj', 'obl']",27,punct,[],[],14,сент-соч,"[19, 27]","['предик', '1-компл']",27,punct,[],[],"Оказалось, что поломка составляет лишь 2 %, скалывание режущих кромок - 1,5 %, интенсивное истирание при неправильном режиме резания - 17,5 %.",30_uppsalaKorp_607
12,2,conj,"[10, 13]","['nsubj', 'advmod']",2,conj,"[10, 13]","['nsubj', 'advmod']",2,сент-соч,"[10, 13]","['предик', 'обст']",6,сент-соч,"[10, 13]","['предик', 'обст']","Люда вспомнила дни самодеятельности, танцевала с увлечением, он - небрежно, снисходя.",177_uppsalaGrekova_1
35,29,conj,"[34, 38, 42]","['cc', 'advmod', 'obl']",29,conj,"[34, 38, 42]","['cc', 'nsubj', 'obl']",34,соч-союзн,"[38, 40]","['обст', '3-компл']",34,соч-союзн,"[38, 40]","['предик', '2-компл']","Сверх того в город, а также на прилегающие к нему объекты потоком пошли федеральные вложения (только на первую и вторую очереди Кольцевой автодороги в 2006 году отпущено 17 млрд руб. и еще примерно столько же на другие проекты).",108_2006Piterskaya_model
23,11,conj,"[17, 20]","['cc', 'obl']",11,conj,"[21, 22]","['punct', 'punct']",17,соч-союзн,[18],['обст'],11,сент-соч,"[21, 22, 24]","['punct', 'punct', 'сочин']","Для начала власти должны определиться с администраторами налога: что дозволено компаниям, что не дозволено и в каком порядке, - и лишь затем решать вопросы изменения ставок.",91_2009Reforma_NDS
9,4,conj,"[8, 11]","['cc', 'obl']",4,conj,"[8, 11]","['cc', 'obl']",8,соч-союзн,[10],['обст'],8,соч-союзн,[10],['обст'],"Хантсман-старший согласился профинансировать библиотеку, но с условием, чтобы она носила имя Джеральда Шерратта.",256_2018V_strane_mormonov
5,0,root,"[1, 3, 4]","['advmod', 'nsubj', 'obj']",4,punct,[],[],0,root,"[1, 3, 4]","['обст', 'предик', '1-компл']",4,punct,[],[],Теперь - кто кого.,38_2020_Corpus2_0Velikoe_pereselenie
9,2,ccomp,"[4, 5, 6, 7, 8]","['mark', 'iobj', 'advmod', 'case', 'nummod']",8,punct,[],[],7,предл,"[5, 8]","['дат-субъект', 'количест']",8,punct,[],[],"Хотя подозреваю, что им немного за сорок.",534_2020_RFFIIndoneziya_ot_ada_do_raya
3,20,advcl,"[2, 5]","['mark', 'advmod']",5,advmod,[],[],2,подч-союзн,[5],['обст'],5,огранич,[],[],"А если совсем честно, уже в 1939 году - на сороковом году земного существования - его жизнь стала опасно затягиваться.",142_2003Lyubit_drakona
6,7,orphan,[4],['obl'],4,punct,[],[],0,root,"[2, 7]","['1-компл', 'предик']",4,punct,[],[],Ведь у местных органов власти немало способов повлиять на судьбу человека.,23_uppsalaKorp_709
3,4,orphan,"[1, 2]","['iobj', 'aux']",4,punct,[],[],0,root,"[1, 2, 4]","['2-компл', 'аналит', '1-компл']",4,punct,[],[],Им бы тренера толкового.,67_2009Molodtsy
7,3,conj,"[5, 6, 8]","['cc', 'nsubj', 'advmod']",6,nmod,[],[],5,соч-союзн,"[6, 8]","['предик', 'огранич']",6,квазиагент,[],[],Судьба Игоря оказалась трагической и смерть тоже.,293_2020_Corpus2_0Kakie_nashi_gody_1
37,35,parataxis,[39],['appos'],35,parataxis,"[36, 39, 45]","['punct', 'appos', 'conj']",35,разъяснит,"[39, 43]","['аппоз', 'сочин']",35,разъяснит,[39],['аппоз'],"Планетная секция Совета по космосу РАН утвердила программу и 24 октября 1997 г. направила в Совет по космосу запрос на включение в план опытно-конструкторских работ (ОКР) на 1998 г. двух проектов -""Луна-Глоб"" и объединенной миссии ""Марс-Фобос-Грунт"" с возможностью запуска в 1999 и 2001 гг. соответственно и с выделением на них 20% финансирования научного раздела Федеральной космической программы.",106_2012Fobos-grunt_gibel_mechty
3,2,orphan,[5],['obl'],2,punct,[],[],0,root,"[2, 4, 7]","['дат-субъект', '1-компл', 'сочин']",2,punct,[],[],"- Всем в укрытия, продолжать наблюдение.",194_2014Vysota
17,7,conj,"[14, 15, 21]","['cc', 'obj', 'obl']",7,conj,"[14, 15, 21]","['cc', 'obj', 'obl']",14,соч-союзн,"[15, 18]","['1-компл', '3-компл']",14,соч-союзн,"[15, 18]","['1-компл', '2-компл']","Мы, таким образом, сами толкаем толковых врачей к незаконной деятельности, а бестолковых - к еще большему невежеству.",88_2020_RFFINyuta_Federmesser
8,3,conj,"[7, 10, 23]","['cc', 'advmod', 'advmod']",3,conj,"[7, 10]","['cc', 'advmod']",7,соч-союзн,[10],['обст'],7,соч-союзн,[10],['обст'],"Она иногда приносила такие тома, но не потому, что у нее были знакомые продавцы в книжных магазинах, а потому, что у ее сотрудницы был муж, который работал начальником тюрьмы.",151_2020_Corpus2_0Iz_zhizni_odnogo_ezha
46,39,conj,"[43, 47, 54]","['cc', 'xcomp', 'nsubj']",39,conj,"[43, 47]","['cc', 'xcomp']",43,соч-союзн,"[47, 54]","['1-компл', 'предик']",43,соч-союзн,[47],['1-компл'],"Юра думал, что он запомнил дорогу, и всякий раз, как поля разбегались вширь и их тоненькой каемкой охватывали спереди и сзади леса, Юре казалось, что он узнает то место, с которого дорога должна повернуть вправо, а с поворота показаться и через минуту скрыться десятиверстная Кологривовская панорама с блещущей вдали рекой и пробегающей за ней железной дорогой.",103_2018Pyatichasovoi_skoryi
11,5,conj,"[7, 9, 14]","['cc', 'advmod', 'obl']",5,conj,"[9, 14]","['advmod', 'obl']",7,соч-союзн,"[9, 12]","['обст', '1-компл']",5,сочин,"[9, 12]","['обст', '1-компл']","Конечно, лаборатории РАН участвуют, и достаточно успешно, в конкурсном финансировании, но размеры последнего явно недостаточны.",31_2017Chto_gubit_nauku
16,4,conj,"[12, 15, 24]","['advmod', 'obl', 'obl']",15,nmod,[],[],4,сочин,"[12, 13, 17]","['обст', 'обст', '2-компл']",15,атриб,[],[],Совершенно очищенные листы погружают на час времени в расплавленное сало; потом на 11/2 часа в расплавленное (не совершенно чистое) олово.,168_2011Petrushka
9,1,orphan,[4],['obl'],1,punct,[],[],0,root,"[1, 3]","['предик', 'обст']",1,punct,[],[],"Борзых, вместо того чтобы уходить в пятую",272_2003Artist_mimansa
6,4,acl,[10],['acl'],10,mark,[],[],4,сочин,[10],['эксплет'],7,вспом,[],[],"Он думал про самолеты, как у них открываются и закрываются шасси, как устроены крылья, про конвейеры и шарикоподшипниковые механизмы, об освоении космоса и судьбах человечества, о прекрасном и светлом будущем, которое надо так устроить, чтобы все были счастливы.",116_2020_Corpus2_0Papa-yumorist
6,4,parataxis,"[7, 10]","['nmod', 'nmod']",4,parataxis,"[5, 7, 10, 11]","['punct', 'obl', 'obj', 'punct']",4,примыкат,"[7, 10]","['агент', '1-компл']",4,примыкат,"[5, 7, 11]","['punct', 'агент', 'punct']","Другие картины - допрос (Петром Первым своего сына), люди в зарешеченном вагоне, гора черепов в ""Апофеозе войны"", утро стрелецкой казни, Иван Грозный убивает своего сына - это социум, такой же, как всегда, но ты - это только ты.",102_2020_Corpus2_0Velikoe_pereselenie
